Date Run,Status,Time,# of Errors,# of Warnings,# of Exceptions,Log File,Return Value,Error Message,# of Successes
2024-03-26 15:48:45.727 -0400,"Success",0:00:17,0,0,0,"20240326_154845.727/LogFile.txt","","",1
2024-07-11 13:17:48.027 -0400,"Success",0:01:10,0,0,0,"20240711_131748.027/LogFile.txt","","",1
2024-07-17 22:24:49.615 -0400,"Success",0:03:53,0,0,0,"20240717_222449.615/LogFile.txt","","",1
2024-07-17 22:37:58.852 -0400,"Success",0:00:02,0,0,0,"20240717_223758.852/LogFile.txt","","",1
2025-02-26 09:12:36.564 -0500,"Aborted",0:01:39,1,0,2,"20250226_091236.564/LogFile.txt","","",0
2025-02-26 09:14:18.594 -0500,"Aborted",0:00:55,1,0,2,"20250226_091418.594/LogFile.txt","","",0
2025-02-26 09:15:35.400 -0500,"Aborted",0:01:13,1,0,1,"20250226_091535.400/LogFile.txt","","",0
2025-02-26 09:17:24.784 -0500,"Success",0:00:08,0,0,0,"20250226_091724.784/LogFile.txt","","",1
2025-02-26 15:51:07.749 -0500,"Failure",0:00:00,1,0,0,"20250226_155107.749/LogFile.txt","","STUnknownMessage -- ERROR: No Such Function: 'screenpart'",0
2025-02-26 15:59:43.731 -0500,"Aborted",0:02:33,1,0,0,"20250226_155943.731/LogFile.txt","","",0
2025-02-26 16:04:27.778 -0500,"Aborted",0:08:35,1,0,1,"20250226_160427.778/LogFile.txt","","",0
2025-02-26 16:14:21.434 -0500,"Aborted",0:10:19,1,0,1,"20250226_161421.434/LogFile.txt","","",0
2025-02-26 16:28:04.118 -0500,"Success",0:00:25,0,0,0,"20250226_162804.118/LogFile.txt","","",1
